[
    {
        "id": "52607bd140518ed3",
        "type": "tab",
        "label": "Flow 1",
        "disabled": false,
        "info": "",
        "env": []
    },
    {
        "id": "129bd7a4a4c34f91",
        "type": "change",
        "z": "52607bd140518ed3",
        "name": "",
        "rules": [
            {
                "t": "set",
                "p": "payload",
                "pt": "msg",
                "to": "msg.payload.main.temp",
                "tot": "str"
            }
        ],
        "action": "",
        "property": "",
        "from": "",
        "to": "",
        "reg": false,
        "x": 220,
        "y": 40,
        "wires": [
            [
                "31b11d97fc41c22b"
            ]
        ]
    },
    {
        "id": "84b2b84d160f2b8e",
        "type": "function",
        "z": "52607bd140518ed3",
        "name": "",
        "func": "msg.payload = {\n    \"temperatura\":msg.paylod.main.temp,\n    \"Min\":msg.paylod.main.temp.min,\n    \"Max\":msg.paylod.main.temp.max,\n    \"Vento\":ms.payload.wind.speed\n}\nreturn msg;",
        "outputs": 1,
        "noerr": 0,
        "initialize": "",
        "finalize": "",
        "libs": [],
        "x": 200,
        "y": 140,
        "wires": [
            [
                "dc240cd4ee02b1dd"
            ]
        ]
    },
    {
        "id": "31b11d97fc41c22b",
        "type": "debug",
        "z": "52607bd140518ed3",
        "name": "",
        "active": true,
        "tosidebar": true,
        "console": false,
        "tostatus": false,
        "complete": "false",
        "statusVal": "",
        "statusType": "auto",
        "x": 450,
        "y": 40,
        "wires": []
    },
    {
        "id": "dc240cd4ee02b1dd",
        "type": "debug",
        "z": "52607bd140518ed3",
        "name": "",
        "active": true,
        "tosidebar": true,
        "console": false,
        "tostatus": false,
        "complete": "false",
        "statusVal": "",
        "statusType": "auto",
        "x": 450,
        "y": 140,
        "wires": []
    },
    {
        "id": "387b9931dc27f9d4",
        "type": "json",
        "z": "52607bd140518ed3",
        "name": "",
        "property": "payload",
        "action": "",
        "pretty": false,
        "x": 50,
        "y": 100,
        "wires": [
            [
                "129bd7a4a4c34f91",
                "84b2b84d160f2b8e"
            ]
        ]
    },
    {
        "id": "967a7f720a597dc4",
        "type": "http request",
        "z": "52607bd140518ed3",
        "name": "",
        "method": "GET",
        "ret": "txt",
        "paytoqs": false,
        "url": "",
        "persist": false,
        "authType": "",
        "senderr": false,
        "x": 250,
        "y": 300,
        "wires": [
            [
                "109121a4a61fb19a"
            ]
        ]
    },
    {
        "id": "a62ad6aa27a76f43",
        "type": "inject",
        "z": "52607bd140518ed3",
        "name": "",
        "props": [
            {
                "p": "payload"
            },
            {
                "p": "topic",
                "vt": "str"
            }
        ],
        "repeat": "",
        "crontab": "",
        "once": false,
        "onceDelay": 0.1,
        "topic": "",
        "payload": "",
        "payloadType": "date",
        "x": 60,
        "y": 300,
        "wires": [
            [
                "967a7f720a597dc4"
            ]
        ]
    },
    {
        "id": "7a04742516a330fa",
        "type": "change",
        "z": "52607bd140518ed3",
        "name": "",
        "rules": [
            {
                "t": "set",
                "p": "payload",
                "pt": "msg",
                "to": "",
                "tot": "str"
            }
        ],
        "action": "",
        "property": "",
        "from": "",
        "to": "",
        "reg": false,
        "x": 620,
        "y": 260,
        "wires": [
            [
                "5023ead1ab9bdef7"
            ]
        ]
    },
    {
        "id": "cd8cbe90b060c284",
        "type": "change",
        "z": "52607bd140518ed3",
        "name": "",
        "rules": [
            {
                "t": "set",
                "p": "payload",
                "pt": "msg",
                "to": "",
                "tot": "str"
            }
        ],
        "action": "",
        "property": "",
        "from": "",
        "to": "",
        "reg": false,
        "x": 620,
        "y": 320,
        "wires": [
            [
                "51e8da025d80d9e8"
            ]
        ]
    },
    {
        "id": "7f0050cc2190a316",
        "type": "change",
        "z": "52607bd140518ed3",
        "name": "",
        "rules": [
            {
                "t": "set",
                "p": "payload",
                "pt": "msg",
                "to": "",
                "tot": "str"
            }
        ],
        "action": "",
        "property": "",
        "from": "",
        "to": "",
        "reg": false,
        "x": 620,
        "y": 380,
        "wires": [
            [
                "4c3061606fbe0568"
            ]
        ]
    },
    {
        "id": "6e625273b8937af5",
        "type": "change",
        "z": "52607bd140518ed3",
        "name": "",
        "rules": [
            {
                "t": "set",
                "p": "payload",
                "pt": "msg",
                "to": "",
                "tot": "str"
            }
        ],
        "action": "",
        "property": "",
        "from": "",
        "to": "",
        "reg": false,
        "x": 620,
        "y": 440,
        "wires": [
            [
                "75202516b13468cf"
            ]
        ]
    },
    {
        "id": "109121a4a61fb19a",
        "type": "json",
        "z": "52607bd140518ed3",
        "name": "",
        "property": "payload",
        "action": "",
        "pretty": false,
        "x": 430,
        "y": 300,
        "wires": [
            [
                "7a04742516a330fa",
                "cd8cbe90b060c284",
                "7f0050cc2190a316",
                "6e625273b8937af5"
            ]
        ]
    },
    {
        "id": "5023ead1ab9bdef7",
        "type": "ui_gauge",
        "z": "52607bd140518ed3",
        "name": "",
        "group": "",
        "order": 0,
        "width": 0,
        "height": 0,
        "gtype": "gage",
        "title": "Temperatura",
        "label": "units",
        "format": "{{value}}",
        "min": 0,
        "max": 10,
        "colors": [
            "#00b500",
            "#e6e600",
            "#ca3838"
        ],
        "seg1": "",
        "seg2": "",
        "className": "",
        "x": 870,
        "y": 260,
        "wires": []
    },
    {
        "id": "51e8da025d80d9e8",
        "type": "ui_gauge",
        "z": "52607bd140518ed3",
        "name": "",
        "group": "",
        "order": 0,
        "width": 0,
        "height": 0,
        "gtype": "gage",
        "title": "Min",
        "label": "units",
        "format": "{{value}}",
        "min": 0,
        "max": 10,
        "colors": [
            "#00b500",
            "#e6e600",
            "#ca3838"
        ],
        "seg1": "",
        "seg2": "",
        "className": "",
        "x": 850,
        "y": 320,
        "wires": []
    },
    {
        "id": "4c3061606fbe0568",
        "type": "ui_gauge",
        "z": "52607bd140518ed3",
        "name": "",
        "group": "",
        "order": 0,
        "width": 0,
        "height": 0,
        "gtype": "gage",
        "title": "Max",
        "label": "units",
        "format": "{{value}}",
        "min": 0,
        "max": 10,
        "colors": [
            "#00b500",
            "#e6e600",
            "#ca3838"
        ],
        "seg1": "",
        "seg2": "",
        "className": "",
        "x": 850,
        "y": 380,
        "wires": []
    },
    {
        "id": "75202516b13468cf",
        "type": "ui_gauge",
        "z": "52607bd140518ed3",
        "name": "",
        "group": "",
        "order": 0,
        "width": 0,
        "height": 0,
        "gtype": "gage",
        "title": "Vento",
        "label": "units",
        "format": "{{value}}",
        "min": 0,
        "max": 10,
        "colors": [
            "#00b500",
            "#e6e600",
            "#ca3838"
        ],
        "seg1": "",
        "seg2": "",
        "className": "",
        "x": 850,
        "y": 440,
        "wires": []
    },
    {
        "id": "0c535bdae1c0c5f6",
        "type": "ui_button",
        "z": "52607bd140518ed3",
        "name": "",
        "order": 0,
        "width": 0,
        "height": 0,
        "passthru": false,
        "label": "button",
        "tooltip": "",
        "color": "",
        "bgcolor": "",
        "className": "",
        "icon": "",
        "payload": "",
        "payloadType": "str",
        "topic": "topic",
        "topicType": "msg",
        "x": 230,
        "y": 580,
        "wires": [
            [
                "a23d64aa97adf7ea"
            ]
        ]
    },
    {
        "id": "f81b45a0fca14edd",
        "type": "ui_slider",
        "z": "52607bd140518ed3",
        "name": "",
        "label": "slider",
        "tooltip": "",
        "order": 0,
        "width": 0,
        "height": 0,
        "passthru": true,
        "outs": "all",
        "topic": "topic",
        "topicType": "msg",
        "min": 0,
        "max": 10,
        "step": 1,
        "className": "",
        "x": 230,
        "y": 660,
        "wires": [
            [
                "4985b45acf0a8142",
                "8cda9f830e351c05"
            ]
        ]
    },
    {
        "id": "a23d64aa97adf7ea",
        "type": "ui_text_input",
        "z": "52607bd140518ed3",
        "name": "",
        "label": "",
        "tooltip": "",
        "order": 0,
        "width": 0,
        "height": 0,
        "passthru": true,
        "mode": "text",
        "delay": 300,
        "topic": "topic",
        "sendOnBlur": true,
        "className": "",
        "topicType": "msg",
        "x": 600,
        "y": 580,
        "wires": [
            []
        ]
    },
    {
        "id": "4985b45acf0a8142",
        "type": "ui_gauge",
        "z": "52607bd140518ed3",
        "name": "",
        "order": 0,
        "width": 0,
        "height": 0,
        "gtype": "gage",
        "title": "gauge",
        "label": "units",
        "format": "{{value}}",
        "min": 0,
        "max": 10,
        "colors": [
            "#00B500",
            "#E6E600",
            "#CA3838"
        ],
        "seg1": "",
        "seg2": "",
        "className": "",
        "x": 530,
        "y": 660,
        "wires": []
    },
    {
        "id": "8cda9f830e351c05",
        "type": "ui_chart",
        "z": "52607bd140518ed3",
        "name": "",
        "order": 0,
        "width": 0,
        "height": 0,
        "label": "chart",
        "chartType": "line",
        "legend": "false",
        "xformat": "HH:mm:ss",
        "interpolate": "linear",
        "nodata": "",
        "dot": false,
        "ymin": "",
        "ymax": "",
        "removeOlder": 1,
        "removeOlderPoints": "",
        "removeOlderUnit": "3600",
        "cutout": 0,
        "useOneColor": false,
        "useUTC": false,
        "colors": [
            "#1F77B4",
            "#AEC7E8",
            "#FF7F0E",
            "#2CA02C",
            "#98DF8A",
            "#D62728",
            "#FF9896",
            "#9467BD",
            "#C5B0D5"
        ],
        "outputs": 1,
        "useDifferentColor": false,
        "className": "",
        "x": 530,
        "y": 720,
        "wires": [
            []
        ]
    }
]